NOMBRE_CAMPO,LONGITUD,TIPO,NEMÓNICO,CATÁLOGO,RANGO_CLAVES                                                              
Número de la localidad,4,C,loc,loc,"0001-9998"
Número de municipio según entidad,3,C,mun,mun,"001-575"
Estrato nacional y estatal,2,C,est,,"Primer dígito 1-4, Segundo dígito 0-4"
Número del estrato de diseño,4,C,est_d,,"0001-9999"
Ageb,5,C,ageb,,"00000-99999"
Tamaño de localidad,1,C,t_loc,t_loc,"1-4"
Ciudad autorrepresentada,2,C,cd_a,cd_a,"01-52, 81-86"
Entidad,2,C,ent,ent,"01-32"
Control,5,C,con,,"00001-99999"
Unidad primaria de muestreo,7,C,upm,,"0000001-9999999"
Distribución semanal,3,C,d_sem,,"Primer dígito 1-5, Segundo y tercer dígito 01-13"
Número progresivo de la vivienda,4,C,n_pro_viv,,"0001-9999"
Vivienda seleccionada,2,C,v_sel,v_sel,"00-99"
Número de hogar,1,C,n_hog,n_hog,"1-2,9"
Hogar mudado,1,C,h_mud,h_mud,"0-4"
Numero de entrevista o visita,1,C,n_ent,n_ent,"1-5"
Periodo,3,C,per,,"000-999"
Resultado preliminar de la entrevista,2,C,r_pre,r_pre,"00-15"
Día del resultado preliminar,2,C,p_dia,p_dia,"01-31"
Mes del resultado preliminar,2,C,p_mes,p_mes,"01-12"
Año del resultado preliminar,2,C,p_anio,,"05-99"
Resultado definitivo de la entrevista,2,C,r_def,r_def,"00-15"
Día del resultado definitivo,2,C,d_dia,d_dia,"01-31"
Mes del resultado definitivo,2,C,d_mes,d_mes,"01-12"
Año del resultado definitivo,2,C,d_anio,,"05-99"
Entrevista observada,1,C,e_obs,e_obs,"1-2"
Pregunta 4 ¿En este hogar se contrata a trabajadores domésticos…,1,C,p4_1,p4_1,"1-4"
Pregunta 4 ¿Cuántos?,2,C,p4_2,p4_2,"01-99"
Renglón del informante,2,C,inf,inf,"01-30,99"
Urbano-Rural,1,C,ur,ur,"1-2"
Factor de expansión,6,C,fac,,"000001-999999"