CVE,DESCRIP
N120,"FORMACION DOCENTE, PROGRAMAS MULTIDISCIPLINARIOS O GENERALES"
N121,"FORMACION DOCENTE PARA EDUCACION BASICA, NIVEL PREESCOLAR"
N122,"FORMACION DOCENTE PARA EDUCACION BASICA, NIVEL PRIMARIA"
N123,"FORMACION DOCENTE PARA EDUCACION BASICA, NIVEL SECUNDARIA"
N126,"FORMACION DOCENTE PARA EDUCACION FISICA, ARTÍSTICA O TECNOLÓGICA"
N128,FORMACION DOCENTE PARA OTROS SERVICIOS EDUCATIVOS
0,SIN INFORMACIÓN
110,"CIENCIAS DE LA EDUCACION, PROGRAMAS MULTIDISCIPLINARIOS O GENERALES"
111,"DIDACTICA, PEDAGOGIA Y CURRICULO"
112,PLANEACION Y EVALUACION EDUCATIVA
113,ORIENTACION Y ASESORIA EDUCATIVA
114,TECNOLOGIA EDUCATIVA
119,PROGRAMAS DE NUEVA CREACION DEL CAMPO CIENCIAS DE LA EDUCACION
120,"FORMACION DOCENTE, PROGRAMAS MULTIDISCIPLINARIOS O GENERALES"
121,"FORMACION DOCENTE PARA EDUCACION BASICA, NIVEL PREESCOLAR"
122,"FORMACION DOCENTE PARA EDUCACION BASICA, NIVEL PRIMARIA"
123,"FORMACION DOCENTE PARA EDUCACION BASICA, NIVEL SECUNDARIA"
124,FORMACION DOCENTE PARA EDUCACION DE NIVEL MEDIO SUPERIOR
125,FORMACION DOCENTE PARA EDUCACION DE NIVEL SUPERIOR
126,"FORMACION DOCENTE PARA EDUCACION FISICA, ARTÍSTICA O TECNOLÓGICA"
127,FORMACION DOCENTE PARA LA ENSEÑANZA DE ASIGNATURAS ESPECIFICAS
128,FORMACION DOCENTE PARA OTROS SERVICIOS EDUCATIVOS
129,PROGRAMAS DE NUEVA CREACION DEL CAMPO DE FORMACION DOCENTE
210,"ARTES, PROGRAMAS MULTIDISCIPLINARIOS O GENERALES"
211,BELLAS ARTES
212,MUSICA Y ARTES ESCENICAS
213,TECNICAS AUDIO VISUALES Y PRODUCCION DE MEDIOS
214,DISEÑO
215,TECNICAS Y HABILIDADES ARTESANALES
219,PROGRAMAS DE NUEVA CREACION DEL CAMPO DE LAS ARTES
220,"HUMANIDADES, PROGRAMAS MULTIDISCIPLINARIOS O GENERALES"
221,TEOLOGIA
222,LENGUAS EXTRANJERAS
223,LITERATURA
224,HISTORIA Y ARQUEOLOGIA
225,FILOSOFIA Y ETICA
229,PROGRAMAS DE NUEVA CREACION DEL CAMPO DE HUMANIDADES
310,"CIENCIAS SOCIALES Y ESTUDIOS DEL COMPORTAMIENTO, MULTIDISCIPLINARIOS O GENERALES"
311,PSICOLOGIA
312,SOCIOLOGIA Y ANTROPOLOGIA
313,CIENCIAS POLITICAS
314,ECONOMIA
315,TRABAJO Y ATENCION SOCIAL
319,PROGRAMAS DE NUEVA CREACION DEL CAMPO DE CIENCIAS SOCIALES
321,COMUNICACION Y PERIODISMO
322,BIBLIOTECONOMIA
329,PROGRAMAS DE NUEVA CREACION DEL CAMPO DE CIENCIAS DE LA INFORMACION
330,"NEGOCIOS Y ADMINISTRACION, PROGRAMAS MULTIDISCIPLINARIOS O GENERALES"
331,NEGOCIOS Y COMERCIO
332,MERCADOTECNIA Y PUBLICIDAD
333,"FINANZAS, BANCA Y SEGUROS"
334,CONTABILIDAD Y FISCALIZACION
335,ADMINISTRACION Y GESTION DE EMPRESAS
339,PROGRAMAS DE NUEVA CREACION DEL CAMPO DE NEGOCIOS Y ADMINISTRACION
341,DERECHO
342,CRIMINOLOGIA
349,PROGRAMAS DE NUEVA CREACION DEL CAMPO DE DERECHO
411,BIOLOGIA Y BIOQUIMICA
412,CIENCIAS AMBIENTALES
419,PROGRAMAS DE NUEVA CREACION DEL CAMPO DE CIENCIAS NATURALES
420,"CIENCIAS FISICAS, QUIMICAS Y DE LA TIERRA, MULTIDISCIPLINARIOS O GENERALES"
421,FISICA
422,QUIMICA
423,CIENCIAS DE LA TIERRA Y DE LA ATMOSFERA
429,PROGRAMAS DE NUEVA CREACION DEL CAMPO DE CIENCIAS FISICAS Y QUIMICAS
431,MATEMATICAS
432,ESTADISTICA
439,PROGRAMAS DE NUEVA CREACION DEL CAMPO DE MATEMATICAS
441,CIENCIAS DE LA COMPUTACION
510,"INGENIERIA INDUSTRIAL, MECANICA, ELECTRONICA Y TECNOLOGIA, PROGRAMAS MULTIDISCIPLINARIOS O GENERALES"
511,INGENIERIA MECANICA Y METALURGIA
512,ELECTRICIDAD Y GENERACION DE ENERGIA
513,ELECTRONICA Y AUTOMATIZACION
514,INGENIERIA QUIMICA
515,"INGENIERIA DE VEHICULOS DE MOTOR, BARCOS Y AERONAVES"
516,TECNOLOGIA Y PROTECCION DEL MEDIO AMBIENTE
517,TECNOLOGIAS DE LA INFORMACION Y LA COMUNICACION
519,PROGRAMAS DE NUEVA CREACION DEL CAMPO DE INGENIERIA INDUSTRIAL
520,"MANUFACTURAS Y PROCESOS, PROGRAMAS MULTIDISCIPLINARIOS O GENERALES"
521,INDUSTRIA DE LA ALIMENTACION
522,"INDUSTRIA TEXTIL, DEL CALZADO Y PIEL"
523,"INDUSTRIAS DE MATERIALES DIVERSOS (MADERA, PAPEL, PLASTICO Y VIDRIO)"
524,MINERIA Y EXTRACION
529,PROGRAMAS DE NUEVA CREACION DEL CAMPO DE MANUFACTURA Y PROCESOS
531,ARQUITECTURA Y URBANISMO
532,CONSTRUCCION E INGENIERIA CIVIL
539,PROGRAMAS DE NUEVA CREACION DEL CAMPO DE ARQUITECTURA Y URBANISMO
610,"AGRONOMIA SILVICULTURA Y PESCA, PROGRAMAS MULTIDISCIPLINARIOS O GENERALES"
611,PRODUCCION Y EXPLOTACION AGRICOLA Y GANADERA
612,HORTICULTURA
613,SILVICULTURA
614,PESCA
619,PROGRAMAS DE NUEVA CREACION DEL CAMPO DE AGRONOMIA
621,VETERINARIA
710,"SALUD, PROGRAMAS MULTIDISCIPLINARIOS O GENERALES"
711,MEDICINA
712,ENFERMERIA Y CUIDADOS
713,ESTOMATOLOGÍA Y ODONTOLOGIA
714,DIAGNOSTICO MEDICO Y TECNOLOGIA DEL TRATAMIENTO
715,TERAPIA Y REHABILITACION
716,FARMACIA
717,SALUD PUBLICA
719,PROGRAMAS DE NUEVA CREACION DEL CAMPO DE SALUD
811,DEPORTES
812,SERVICIOS DE EMBALSAMAMIENTO
813,SERVICIOS DE BELLEZA
814,SECRETARIADO Y ASISTENCIA ADMINISTRATIVA
821,SERVICIOS DE TRANSPORTE
831,SEGURIDAD INDUSTRIAL
841,SEGURIDAD PUBLICA
842,SERVICIOS MILITARES
1800,CAPACITACION PARA EL TRABAJO
2110,"CIENCIAS DE LA EDUCACION, PROGRAMAS MULTIDISCIPLINARIOS O GENERALES"
2111,"DIDACTICA, PEDAGOGIA Y CURRICULO"
2112,PLANEACION Y EVALUACION EDUCATIVA
2113,ORIENTACION Y ASESORIA EDUCATIVA
2114,TECNOLOGIA EDUCATIVA
2119,PROGRAMAS DE NUEVA CREACION DEL CAMPO CIENCIAS DE LA EDUCACION
2120,"FORMACION DOCENTE, PROGRAMAS MULTIDISCIPLINARIOS O GENERALES"
2121,"FORMACION DOCENTE PARA EDUCACION BASICA, NIVEL PREESCOLAR"
2122,"FORMACION DOCENTE PARA EDUCACION BASICA, NIVEL PRIMARIA"
2126,"FORMACION DOCENTE PARA EDUCACION FISICA, ARTÍSTICA O TECNOLÓGICA"
2127,FORMACION DOCENTE PARA LA ENSEÑANZA DE ASIGNATURAS ESPECIFICAS
2128,FORMACION DOCENTE PARA OTROS SERVICIOS EDUCATIVOS
2129,PROGRAMAS DE NUEVA CREACION DEL CAMPO DE FORMACION DOCENTE
2210,"ARTES, PROGRAMAS MULTIDISCIPLINARIOS O GENERALES"
2211,BELLAS ARTES
2212,MUSICA Y ARTES ESCENICAS
2213,TECNICAS AUDIO VISUALES Y PRODUCCION DE MEDIOS
2214,DISEÑO
2215,TECNICAS Y HABILIDADES ARTESANALES
2219,PROGRAMAS DE NUEVA CREACION DEL CAMPO DE LAS ARTES
2220,"HUMANIDADES, PROGRAMAS MULTIDISCIPLINARIOS O GENERALES"
2221,TEOLOGIA
2222,LENGUAS EXTRANJERAS
2223,LITERATURA
2229,PROGRAMAS DE NUEVA CREACION DEL CAMPO DE HUMANIDADES
2310,"CIENCIAS SOCIALES Y ESTUDIOS DEL COMPORTAMIENTO, MULTIDISCIPLINARIOS O GENERALES"
2311,PSICOLOGIA
2312,SOCIOLOGIA Y ANTROPOLOGIA
2315,TRABAJO Y ATENCION SOCIAL
2319,PROGRAMAS DE NUEVA CREACION DEL CAMPO DE CIENCIAS SOCIALES
2321,COMUNICACION Y PERIODISMO
2322,BIBLIOTECONOMIA
2329,PROGRAMAS DE NUEVA CREACION DEL CAMPO DE CIENCIAS DE LA INFORMACION
2330,"NEGOCIOS Y ADMINISTRACION, PROGRAMAS MULTIDISCIPLINARIOS O GENERALES"
2331,NEGOCIOS Y COMERCIO
2332,MERCADOTECNIA Y PUBLICIDAD
2333,"FINANZAS, BANCA Y SEGUROS"
2334,CONTABILIDAD Y FISCALIZACION
2335,ADMINISTRACION Y GESTION DE EMPRESAS
2339,PROGRAMAS DE NUEVA CREACION DEL CAMPO DE NEGOCIOS Y ADMINISTRACION
2341,DERECHO
2342,CRIMINOLOGIA
2349,PROGRAMAS DE NUEVA CREACION DEL CAMPO DE DERECHO
2411,BIOLOGIA Y BIOQUIMICA
2412,CIENCIAS AMBIENTALES
2419,PROGRAMAS DE NUEVA CREACION DEL CAMPO DE CIENCIAS NATURALES
2420,"CIENCIAS FISICAS, QUIMICAS Y DE LA TIERRA, MULTIDISCIPLINARIOS O GENERALES"
2422,QUIMICA
2423,CIENCIAS DE LA TIERRA Y DE LA ATMOSFERA
2429,PROGRAMAS DE NUEVA CREACION DEL CAMPO DE CIENCIAS FISICAS Y QUIMICAS
2432,ESTADISTICA
2439,PROGRAMAS DE NUEVA CREACION DEL CAMPO DE MATEMATICAS
2441,CIENCIAS DE LA COMPUTACION
2510,"INGENIERIA INDUSTRIAL, MECANICA, ELECTRONICA Y TECNOLOGIA, PROGRAMAS MULTIDISCIPLINARIOS O GENERALES"
2511,INGENIERIA MECANICA Y METALURGIA
2512,ELECTRICIDAD Y GENERACION DE ENERGIA
2513,ELECTRONICA Y AUTOMATIZACION
2514,INGENIERIA QUIMICA
2515,"INGENIERIA DE VEHICULOS DE MOTOR, BARCOS Y AERONAVES"
2516,TECNOLOGIA Y PROTECCION DEL MEDIO AMBIENTE
2517,TECNOLOGIAS DE LA INFORMACION Y LA COMUNICACION
2519,PROGRAMAS DE NUEVA CREACION DEL CAMPO DE INGENIERIA INDUSTRIAL
2520,"MANUFACTURAS Y PROCESOS, PROGRAMAS MULTIDISCIPLINARIOS O GENERALES"
2521,INDUSTRIA DE LA ALIMENTACION
2522,"INDUSTRIA TEXTIL, DEL CALZADO Y PIEL"
2523,"INDUSTRIAS DE MATERIALES DIVERSOS (MADERA, PAPEL, PLASTICO Y VIDRIO)"
2524,MINERIA Y EXTRACION
2529,PROGRAMAS DE NUEVA CREACION DEL CAMPO DE MANUFACTURA Y PROCESOS
2531,ARQUITECTURA Y URBANISMO
2532,CONSTRUCCION E INGENIERIA CIVIL
2539,PROGRAMAS DE NUEVA CREACION DEL CAMPO DE ARQUITECTURA Y URBANISMO
2610,"AGRONOMIA SILVICULTURA Y PESCA, PROGRAMAS MULTIDISCIPLINARIOS O GENERALES"
2611,PRODUCCION Y EXPLOTACION AGRICOLA Y GANADERA
2612,HORTICULTURA
2613,SILVICULTURA
2614,PESCA
2619,PROGRAMAS DE NUEVA CREACION DEL CAMPO DE AGRONOMIA
2621,VETERINARIA
2711,MEDICINA
2712,ENFERMERIA Y CUIDADOS
2713,ESTOMATOLOGÍA Y ODONTOLOGIA
2714,DIAGNOSTICO MEDICO Y TECNOLOGIA DEL TRATAMIENTO
2715,TERAPIA Y REHABILITACION
2716,FARMACIA
2717,SALUD PUBLICA
2719,PROGRAMAS DE NUEVA CREACION DEL CAMPO DE SALUD
2811,DEPORTES
2812,SERVICIOS DE EMBALSAMAMIENTO
2813,SERVICIOS DE BELLEZA
2814,SECRETARIADO Y ASISTENCIA ADMINISTRATIVA
2821,SERVICIOS DE TRANSPORTE
2831,SEGURIDAD INDUSTRIAL
2841,SEGURIDAD PUBLICA
2842,SERVICIOS MILITARES
2999,CAMPO DE FORMACION ACADEMICA NO ESPECIFICADO
4110,"CIENCIAS DE LA EDUCACION, PROGRAMAS MULTIDISCIPLINARIOS O GENERALES"
4111,"DIDACTICA, PEDAGOGIA Y CURRICULO"
4112,PLANEACION Y EVALUACION EDUCATIVA
4113,ORIENTACION Y ASESORIA EDUCATIVA
4114,TECNOLOGIA EDUCATIVA
4119,PROGRAMAS DE NUEVA CREACION DEL CAMPO CIENCIAS DE LA EDUCACION
4120,"FORMACION DOCENTE, PROGRAMAS MULTIDISCIPLINARIOS O GENERALES"
4121,"FORMACION DOCENTE PARA EDUCACION BASICA, NIVEL PREESCOLAR"
4122,"FORMACION DOCENTE PARA EDUCACION BASICA, NIVEL PRIMARIA"
4123,"FORMACION DOCENTE PARA EDUCACION BASICA, NIVEL SECUNDARIA"
4124,FORMACION DOCENTE PARA EDUCACION DE NIVEL MEDIO SUPERIOR
4126,"FORMACION DOCENTE PARA EDUCACION FISICA, ARTÍSTICA O TECNOLÓGICA"
4127,FORMACION DOCENTE PARA LA ENSEÑANZA DE ASIGNATURAS ESPECIFICAS
4128,FORMACION DOCENTE PARA OTROS SERVICIOS EDUCATIVOS
4129,PROGRAMAS DE NUEVA CREACION DEL CAMPO DE FORMACION DOCENTE
4210,"ARTES, PROGRAMAS MULTIDISCIPLINARIOS O GENERALES"
4211,BELLAS ARTES
4212,MUSICA Y ARTES ESCENICAS
4213,TECNICAS AUDIO VISUALES Y PRODUCCION DE MEDIOS
4214,DISEÑO
4215,TECNICAS Y HABILIDADES ARTESANALES
4219,PROGRAMAS DE NUEVA CREACION DEL CAMPO DE LAS ARTES
4220,"HUMANIDADES, PROGRAMAS MULTIDISCIPLINARIOS O GENERALES"
4221,TEOLOGIA
4222,LENGUAS EXTRANJERAS
4223,LITERATURA
4229,PROGRAMAS DE NUEVA CREACION DEL CAMPO DE HUMANIDADES
4310,"CIENCIAS SOCIALES Y ESTUDIOS DEL COMPORTAMIENTO, MULTIDISCIPLINARIOS O GENERALES"
4311,PSICOLOGIA
4312,SOCIOLOGIA Y ANTROPOLOGIA
4313,CIENCIAS POLITICAS
4314,ECONOMIA
4315,TRABAJO Y ATENCION SOCIAL
4319,PROGRAMAS DE NUEVA CREACION DEL CAMPO DE CIENCIAS SOCIALES
4321,COMUNICACION Y PERIODISMO
4322,BIBLIOTECONOMIA
4329,PROGRAMAS DE NUEVA CREACION DEL CAMPO DE CIENCIAS DE LA INFORMACION
4330,"NEGOCIOS Y ADMINISTRACION, PROGRAMAS MULTIDISCIPLINARIOS O GENERALES"
4331,NEGOCIOS Y COMERCIO
4332,MERCADOTECNIA Y PUBLICIDAD
4333,"FINANZAS, BANCA Y SEGUROS"
4334,CONTABILIDAD Y FISCALIZACION
4335,ADMINISTRACION Y GESTION DE EMPRESAS
4339,PROGRAMAS DE NUEVA CREACION DEL CAMPO DE NEGOCIOS Y ADMINISTRACION
4341,DERECHO
4342,CRIMINOLOGIA
4349,PROGRAMAS DE NUEVA CREACION DEL CAMPO DE DERECHO
4411,BIOLOGIA Y BIOQUIMICA
4412,CIENCIAS AMBIENTALES
4419,PROGRAMAS DE NUEVA CREACION DEL CAMPO DE CIENCIAS NATURALES
4420,"CIENCIAS FISICAS, QUIMICAS Y DE LA TIERRA, MULTIDISCIPLINARIOS O GENERALES"
4421,FISICO MATEMATICO
4422,QUIMICA
4423,CIENCIAS DE LA TIERRA Y DE LA ATMOSFERA
4429,PROGRAMAS DE NUEVA CREACION DEL CAMPO DE CIENCIAS FISICAS Y QUIMICAS
4431,MATEMATICAS
4432,ESTADISTICA
4439,PROGRAMAS DE NUEVA CREACION DEL CAMPO DE MATEMATICAS
4441,CIENCIAS DE LA COMPUTACION
4510,"INGENIERIA INDUSTRIAL, MECANICA, ELECTRONICA Y TECNOLOGIA, PROGRAMAS MULTIDISCIPLINARIOS O GENERALES"
4511,INGENIERIA MECANICA Y METALURGIA
4512,ELECTRICIDAD Y GENERACION DE ENERGIA
4513,ELECTRONICA Y AUTOMATIZACION
4514,INGENIERIA QUIMICA
4515,"INGENIERIA DE VEHICULOS DE MOTOR, BARCOS Y AERONAVES"
4516,TECNOLOGIA Y PROTECCION DEL MEDIO AMBIENTE
4517,TECNOLOGIAS DE LA INFORMACION Y LA COMUNICACION
4519,PROGRAMAS DE NUEVA CREACION DEL CAMPO DE INGENIERIA INDUSTRIAL
4520,"MANUFACTURAS Y PROCESOS, PROGRAMAS MULTIDISCIPLINARIOS O GENERALES"
4521,INDUSTRIA DE LA ALIMENTACION
4522,"INDUSTRIA TEXTIL, DEL CALZADO Y PIEL"
4523,"INDUSTRIAS DE MATERIALES DIVERSOS (MADERA, PAPEL, PLASTICO Y VIDRIO)"
4524,MINERIA Y EXTRACION
4529,PROGRAMAS DE NUEVA CREACION DEL CAMPO DE MANUFACTURA Y PROCESOS
4531,ARQUITECTURA Y URBANISMO
4532,CONSTRUCCION E INGENIERIA CIVIL
4539,PROGRAMAS DE NUEVA CREACION DEL CAMPO DE ARQUITECTURA Y URBANISMO
4610,"AGRONOMIA SILVICULTURA Y PESCA, PROGRAMAS MULTIDISCIPLINARIOS O GENERALES"
4611,PRODUCCION Y EXPLOTACION AGRICOLA Y GANADERA
4612,HORTICULTURA
4613,SILVICULTURA
4614,PESCA
4619,PROGRAMAS DE NUEVA CREACION DEL CAMPO DE AGRONOMIA
4621,VETERINARIA
4711,MEDICINA
4712,ENFERMERIA Y CUIDADOS
4713,ESTOMATOLOGÍA Y ODONTOLOGIA
4714,DIAGNOSTICO MEDICO Y TECNOLOGIA DEL TRATAMIENTO
4715,TERAPIA Y REHABILITACION
4716,FARMACIA
4717,SALUD PUBLICA
4719,PROGRAMAS DE NUEVA CREACION DEL CAMPO DE SALUD
4811,DEPORTES
4812,SERVICIOS DE EMBALSAMAMIENTO
4813,SERVICIOS DE BELLEZA
4814,SECRETARIADO Y ASISTENCIA ADMINISTRATIVA
4821,SERVICIOS DE TRANSPORTE
4831,SEGURIDAD INDUSTRIAL
4841,SEGURIDAD PUBLICA
4842,SERVICIOS MILITARES
4999,CAMPO DE FORMACION ACADEMICA NO ESPECIFICADO
5110,"CIENCIAS DE LA EDUCACION, PROGRAMAS MULTIDISCIPLINARIOS O GENERALES"
5111,"DIDACTICA, PEDAGOGIA Y CURRICULO"
5112,PLANEACION Y EVALUACION EDUCATIVA
5113,ORIENTACION Y ASESORIA EDUCATIVA
5114,TECNOLOGIA EDUCATIVA
5119,PROGRAMAS DE NUEVA CREACION DEL CAMPO CIENCIAS DE LA EDUCACION
5120,"FORMACION DOCENTE, PROGRAMAS MULTIDISCIPLINARIOS O GENERALES"
5121,"FORMACION DOCENTE PARA EDUCACION BASICA, NIVEL PREESCOLAR"
5122,"FORMACION DOCENTE PARA EDUCACION BASICA, NIVEL PRIMARIA"
5123,"FORMACION DOCENTE PARA EDUCACION BASICA, NIVEL SECUNDARIA"
5124,FORMACION DOCENTE PARA EDUCACION DE NIVEL MEDIO SUPERIOR
5125,FORMACION DOCENTE PARA EDUCACION DE NIVEL SUPERIOR
5126,"FORMACION DOCENTE PARA EDUCACION FISICA, ARTÍSTICA O TECNOLÓGICA"
5127,FORMACION DOCENTE PARA LA ENSEÑANZA DE ASIGNATURAS ESPECIFICAS
5128,FORMACION DOCENTE PARA OTROS SERVICIOS EDUCATIVOS
5129,PROGRAMAS DE NUEVA CREACION DEL CAMPO DE FORMACION DOCENTE
5210,"ARTES, PROGRAMAS MULTIDISCIPLINARIOS O GENERALES"
5211,BELLAS ARTES
5212,MUSICA Y ARTES ESCENICAS
5213,TECNICAS AUDIO VISUALES Y PRODUCCION DE MEDIOS
5214,DISEÑO
5215,TECNICAS Y HABILIDADES ARTESANALES
5219,PROGRAMAS DE NUEVA CREACION DEL CAMPO DE LAS ARTES
5220,"HUMANIDADES, PROGRAMAS MULTIDISCIPLINARIOS O GENERALES"
5221,TEOLOGIA
5222,LENGUAS EXTRANJERAS
5223,LITERATURA
5224,HISTORIA Y ARQUEOLOGIA
5225,FILOSOFIA Y ETICA
5229,PROGRAMAS DE NUEVA CREACION DEL CAMPO DE HUMANIDADES
5310,"CIENCIAS SOCIALES Y ESTUDIOS DEL COMPORTAMIENTO, MULTIDISCIPLINARIOS O GENERALES"
5311,PSICOLOGIA
5312,SOCIOLOGIA Y ANTROPOLOGIA
5313,CIENCIAS POLITICAS
5314,ECONOMIA
5315,TRABAJO Y ATENCION SOCIAL
5319,PROGRAMAS DE NUEVA CREACION DEL CAMPO DE CIENCIAS SOCIALES
5321,COMUNICACION Y PERIODISMO
5322,BIBLIOTECONOMIA
5329,PROGRAMAS DE NUEVA CREACION DEL CAMPO DE CIENCIAS DE LA INFORMACION
5330,"NEGOCIOS Y ADMINISTRACION, PROGRAMAS MULTIDISCIPLINARIOS O GENERALES"
5331,NEGOCIOS Y COMERCIO
5332,MERCADOTECNIA Y PUBLICIDAD
5333,"FINANZAS, BANCA Y SEGUROS"
5334,CONTABILIDAD Y FISCALIZACION
5335,ADMINISTRACION Y GESTION DE EMPRESAS
5339,PROGRAMAS DE NUEVA CREACION DEL CAMPO DE NEGOCIOS Y ADMINISTRACION
5341,DERECHO
5342,CRIMINOLOGIA
5349,PROGRAMAS DE NUEVA CREACION DEL CAMPO DE DERECHO
5411,BIOLOGIA Y BIOQUIMICA
5412,CIENCIAS AMBIENTALES
5419,PROGRAMAS DE NUEVA CREACION DEL CAMPO DE CIENCIAS NATURALES
5420,"CIENCIAS FISICAS, QUIMICAS Y DE LA TIERRA, MULTIDISCIPLINARIOS O GENERALES"
5421,FISICA
5422,QUIMICA
5423,CIENCIAS DE LA TIERRA Y DE LA ATMOSFERA
5429,PROGRAMAS DE NUEVA CREACION DEL CAMPO DE CIENCIAS FISICAS Y QUIMICAS
5431,MATEMATICAS
5432,ESTADISTICA
5439,PROGRAMAS DE NUEVA CREACION DEL CAMPO DE MATEMATICAS
5441,CIENCIAS DE LA COMPUTACION
5510,"INGENIERIA INDUSTRIAL, MECANICA, ELECTRONICA Y TECNOLOGIA, PROGRAMAS MULTIDISCIPLINARIOS O GENERALES"
5511,INGENIERIA MECANICA Y METALURGIA
5512,ELECTRICIDAD Y GENERACION DE ENERGIA
5513,ELECTRONICA Y AUTOMATIZACION
5514,INGENIERIA QUIMICA
5515,"INGENIERIA DE VEHICULOS DE MOTOR, BARCOS Y AERONAVES"
5516,TECNOLOGIA Y PROTECCION DEL MEDIO AMBIENTE
5517,TECNOLOGIAS DE LA INFORMACION Y LA COMUNICACION
5519,PROGRAMAS DE NUEVA CREACION DEL CAMPO DE INGENIERIA INDUSTRIAL
5520,"MANUFACTURAS Y PROCESOS, PROGRAMAS MULTIDISCIPLINARIOS O GENERALES"
5521,INDUSTRIA DE LA ALIMENTACION
5522,"INDUSTRIA TEXTIL, DEL CALZADO Y PIEL"
5523,"INDUSTRIAS DE MATERIALES DIVERSOS (MADERA, PAPEL, PLASTICO Y VIDRIO)"
5524,MINERIA Y EXTRACION
5529,PROGRAMAS DE NUEVA CREACION DEL CAMPO DE MANUFACTURA Y PROCESOS
5531,ARQUITECTURA Y URBANISMO
5532,CONSTRUCCION E INGENIERIA CIVIL
5539,PROGRAMAS DE NUEVA CREACION DEL CAMPO DE ARQUITECTURA Y URBANISMO
5610,"AGRONOMIA SILVICULTURA Y PESCA, PROGRAMAS MULTIDISCIPLINARIOS O GENERALES"
5611,PRODUCCION Y EXPLOTACION AGRICOLA Y GANADERA
5612,HORTICULTURA
5613,SILVICULTURA
5614,PESCA
5619,PROGRAMAS DE NUEVA CREACION DEL CAMPO DE AGRONOMIA
5621,VETERINARIA
5710,"SALUD, PROGRAMAS MULTIDISCIPLINARIOS O GENERALES"
5711,MEDICINA
5712,ENFERMERIA Y CUIDADOS
5713,ESTOMATOLOGÍA Y ODONTOLOGIA
5714,DIAGNOSTICO MEDICO Y TECNOLOGIA DEL TRATAMIENTO
5715,TERAPIA Y REHABILITACION
5716,FARMACIA
5717,SALUD PUBLICA
5719,PROGRAMAS DE NUEVA CREACION DEL CAMPO DE SALUD
5811,DEPORTES
5812,SERVICIOS DE EMBALSAMAMIENTO
5813,SERVICIOS DE BELLEZA
5814,SECRETARIADO Y ASISTENCIA ADMINISTRATIVA
5821,SERVICIOS DE TRANSPORTE
5831,SEGURIDAD INDUSTRIAL
5841,SEGURIDAD PUBLICA
5842,SERVICIOS MILITARES
5999,CAMPO DE FORMACION ACADEMICA NO ESPECIFICADO
7110,"CIENCIAS DE LA EDUCACION, PROGRAMAS MULTIDISCIPLINARIOS O GENERALES"
7111,"DIDACTICA, PEDAGOGIA Y CURRICULO"
7112,PLANEACION Y EVALUACION EDUCATIVA
7113,ORIENTACION Y ASESORIA EDUCATIVA
7114,TECNOLOGIA EDUCATIVA
7119,PROGRAMAS DE NUEVA CREACION DEL CAMPO CIENCIAS DE LA EDUCACION
7120,"FORMACION DOCENTE, PROGRAMAS MULTIDISCIPLINARIOS O GENERALES"
7121,"FORMACION DOCENTE PARA EDUCACION BASICA, NIVEL PREESCOLAR"
7122,"FORMACION DOCENTE PARA EDUCACION BASICA, NIVEL PRIMARIA"
7123,"FORMACION DOCENTE PARA EDUCACION BASICA, NIVEL SECUNDARIA"
7124,FORMACION DOCENTE PARA EDUCACION DE NIVEL MEDIO SUPERIOR
7125,FORMACION DOCENTE PARA EDUCACION DE NIVEL SUPERIOR
7126,"FORMACION DOCENTE PARA EDUCACION FISICA, ARTÍSTICA O TECNOLÓGICA"
7127,FORMACION DOCENTE PARA LA ENSEÑANZA DE ASIGNATURAS ESPECIFICAS
7128,FORMACION DOCENTE PARA OTROS SERVICIOS EDUCATIVOS
7129,PROGRAMAS DE NUEVA CREACION DEL CAMPO DE FORMACION DOCENTE
7210,"ARTES, PROGRAMAS MULTIDISCIPLINARIOS O GENERALES"
7211,BELLAS ARTES
7212,MUSICA Y ARTES ESCENICAS
7213,TECNICAS AUDIO VISUALES Y PRODUCCION DE MEDIOS
7214,DISEÑO
7219,PROGRAMAS DE NUEVA CREACION DEL CAMPO DE LAS ARTES
7220,"HUMANIDADES, PROGRAMAS MULTIDISCIPLINARIOS O GENERALES"
7221,TEOLOGIA
7222,LENGUAS EXTRANJERAS
7223,LITERATURA
7224,HISTORIA Y ARQUEOLOGIA
7225,FILOSOFIA Y ETICA
7229,PROGRAMAS DE NUEVA CREACION DEL CAMPO DE HUMANIDADES
7310,"CIENCIAS SOCIALES Y ESTUDIOS DEL COMPORTAMIENTO, MULTIDISCIPLINARIOS O GENERALES"
7311,PSICOLOGIA
7312,SOCIOLOGIA Y ANTROPOLOGIA
7313,CIENCIAS POLITICAS
7314,ECONOMIA
7315,TRABAJO Y ATENCION SOCIAL
7319,PROGRAMAS DE NUEVA CREACION DEL CAMPO DE CIENCIAS SOCIALES
7321,COMUNICACION Y PERIODISMO
7322,BIBLIOTECONOMIA
7329,PROGRAMAS DE NUEVA CREACION DEL CAMPO DE CIENCIAS DE LA INFORMACION
7330,"NEGOCIOS Y ADMINISTRACION, PROGRAMAS MULTIDISCIPLINARIOS O GENERALES"
7331,NEGOCIOS Y COMERCIO
7332,MERCADOTECNIA Y PUBLICIDAD
7333,"FINANZAS, BANCA Y SEGUROS"
7334,CONTABILIDAD Y FISCALIZACION
7335,ADMINISTRACION Y GESTION DE EMPRESAS
7339,PROGRAMAS DE NUEVA CREACION DEL CAMPO DE NEGOCIOS Y ADMINISTRACION
7341,DERECHO
7342,CRIMINOLOGIA
7349,PROGRAMAS DE NUEVA CREACION DEL CAMPO DE DERECHO
7411,BIOLOGIA Y BIOQUIMICA
7412,CIENCIAS AMBIENTALES
7419,PROGRAMAS DE NUEVA CREACION DEL CAMPO DE CIENCIAS NATURALES
7420,"CIENCIAS FISICAS, QUIMICAS Y DE LA TIERRA, MULTIDISCIPLINARIOS O GENERALES"
7421,FISICA
7422,QUIMICA
7423,CIENCIAS DE LA TIERRA Y DE LA ATMOSFERA
7429,PROGRAMAS DE NUEVA CREACION DEL CAMPO DE CIENCIAS FISICAS Y QUIMICAS
7431,MATEMATICAS
7432,ESTADISTICA
7439,PROGRAMAS DE NUEVA CREACION DEL CAMPO DE MATEMATICAS
7441,CIENCIAS DE LA COMPUTACION
7510,"INGENIERIA INDUSTRIAL, MECANICA, ELECTRONICA Y TECNOLOGIA, PROGRAMAS MULTIDISCIPLINARIOS O GENERALES"
7511,INGENIERIA MECANICA Y METALURGIA
7512,ELECTRICIDAD Y GENERACION DE ENERGIA
7513,ELECTRONICA Y AUTOMATIZACION
7514,INGENIERIA QUIMICA
7515,"INGENIERIA DE VEHICULOS DE MOTOR, BARCOS Y AERONAVES"
7516,TECNOLOGIA Y PROTECCION DEL MEDIO AMBIENTE
7517,TECNOLOGIAS DE LA INFORMACION Y LA COMUNICACION
7519,PROGRAMAS DE NUEVA CREACION DEL CAMPO DE INGENIERIA INDUSTRIAL
7520,"MANUFACTURAS Y PROCESOS, PROGRAMAS MULTIDISCIPLINARIOS O GENERALES"
7521,INDUSTRIA DE LA ALIMENTACION
7522,"INDUSTRIA TEXTIL, DEL CALZADO Y PIEL"
7523,"INDUSTRIAS DE MATERIALES DIVERSOS (MADERA, PAPEL, PLASTICO Y VIDRIO)"
7524,MINERIA Y EXTRACION
7529,PROGRAMAS DE NUEVA CREACION DEL CAMPO DE MANUFACTURA Y PROCESOS
7531,ARQUITECTURA Y URBANISMO
7532,CONSTRUCCION E INGENIERIA CIVIL
7539,PROGRAMAS DE NUEVA CREACION DEL CAMPO DE ARQUITECTURA Y URBANISMO
7610,"AGRONOMIA SILVICULTURA Y PESCA, PROGRAMAS MULTIDISCIPLINARIOS O GENERALES"
7611,PRODUCCION Y EXPLOTACION AGRICOLA Y GANADERA
7612,HORTICULTURA
7613,SILVICULTURA
7614,PESCA
7619,PROGRAMAS DE NUEVA CREACION DEL CAMPO DE AGRONOMIA
7621,VETERINARIA
7710,"SALUD, PROGRAMAS MULTIDISCIPLINARIOS O GENERALES"
7711,MEDICINA
7712,ENFERMERIA Y CUIDADOS
7713,ESTOMATOLOGÍA Y ODONTOLOGIA
7714,DIAGNOSTICO MEDICO Y TECNOLOGIA DEL TRATAMIENTO
7715,TERAPIA Y REHABILITACION
7716,FARMACIA
7717,SALUD PUBLICA
7719,PROGRAMAS DE NUEVA CREACION DEL CAMPO DE SALUD
7811,DEPORTES
7821,SERVICIOS DE TRANSPORTE
7831,SEGURIDAD INDUSTRIAL
7841,SEGURIDAD PUBLICA
7842,SERVICIOS MILITARES
7999,CAMPO DE FORMACION ACADEMICA NO ESPECIFICADO
8110,"CIENCIAS DE LA EDUCACION, PROGRAMAS MULTIDISCIPLINARIOS O GENERALES"
8111,"DIDACTICA, PEDAGOGIA Y CURRICULO"
8112,PLANEACION Y EVALUACION EDUCATIVA
8113,ORIENTACION Y ASESORIA EDUCATIVA
8114,TECNOLOGIA EDUCATIVA
8119,PROGRAMAS DE NUEVA CREACION DEL CAMPO CIENCIAS DE LA EDUCACION
8120,"FORMACION DOCENTE, PROGRAMAS MULTIDISCIPLINARIOS O GENERALES"
8121,"FORMACION DOCENTE PARA EDUCACION BASICA, NIVEL PREESCOLAR"
8122,"FORMACION DOCENTE PARA EDUCACION BASICA, NIVEL PRIMARIA"
8123,"FORMACION DOCENTE PARA EDUCACION BASICA, NIVEL SECUNDARIA"
8124,FORMACION DOCENTE PARA EDUCACION DE NIVEL MEDIO SUPERIOR
8125,FORMACION DOCENTE PARA EDUCACION DE NIVEL SUPERIOR
8126,"FORMACION DOCENTE PARA EDUCACION FISICA, ARTÍSTICA O TECNOLÓGICA"
8127,FORMACION DOCENTE PARA LA ENSEÑANZA DE ASIGNATURAS ESPECIFICAS
8128,FORMACION DOCENTE PARA OTROS SERVICIOS EDUCATIVOS
8129,PROGRAMAS DE NUEVA CREACION DEL CAMPO DE FORMACION DOCENTE
8210,"ARTES, PROGRAMAS MULTIDISCIPLINARIOS O GENERALES"
8211,BELLAS ARTES
8212,MUSICA Y ARTES ESCENICAS
8213,TECNICAS AUDIO VISUALES Y PRODUCCION DE MEDIOS
8214,DISEÑO
8219,PROGRAMAS DE NUEVA CREACION DEL CAMPO DE LAS ARTES
8220,"HUMANIDADES, PROGRAMAS MULTIDISCIPLINARIOS O GENERALES"
8221,TEOLOGIA
8222,LENGUAS EXTRANJERAS
8223,LITERATURA
8224,HISTORIA Y ARQUEOLOGIA
8225,FILOSOFIA Y ETICA
8229,PROGRAMAS DE NUEVA CREACION DEL CAMPO DE HUMANIDADES
8310,"CIENCIAS SOCIALES Y ESTUDIOS DEL COMPORTAMIENTO, MULTIDISCIPLINARIOS O GENERALES"
8311,PSICOLOGIA
8312,SOCIOLOGIA Y ANTROPOLOGIA
8313,CIENCIAS POLITICAS
8314,ECONOMIA
8315,TRABAJO Y ATENCION SOCIAL
8319,PROGRAMAS DE NUEVA CREACION DEL CAMPO DE CIENCIAS SOCIALES
8321,COMUNICACION Y PERIODISMO
8322,BIBLIOTECONOMIA
8329,PROGRAMAS DE NUEVA CREACION DEL CAMPO DE CIENCIAS DE LA INFORMACION
8330,"NEGOCIOS Y ADMINISTRACION, PROGRAMAS MULTIDISCIPLINARIOS O GENERALES"
8331,NEGOCIOS Y COMERCIO
8332,MERCADOTECNIA Y PUBLICIDAD
8333,"FINANZAS, BANCA Y SEGUROS"
8334,CONTABILIDAD Y FISCALIZACION
8335,ADMINISTRACION Y GESTION DE EMPRESAS
8339,PROGRAMAS DE NUEVA CREACION DEL CAMPO DE NEGOCIOS Y ADMINISTRACION
8341,DERECHO
8342,CRIMINOLOGIA
8349,PROGRAMAS DE NUEVA CREACION DEL CAMPO DE DERECHO
8411,BIOLOGIA Y BIOQUIMICA
8412,CIENCIAS AMBIENTALES
8419,PROGRAMAS DE NUEVA CREACION DEL CAMPO DE CIENCIAS NATURALES
8420,"CIENCIAS FISICAS, QUIMICAS Y DE LA TIERRA, MULTIDISCIPLINARIOS O GENERALES"
8421,FISICA
8422,QUIMICA
8423,CIENCIAS DE LA TIERRA Y DE LA ATMOSFERA
8429,PROGRAMAS DE NUEVA CREACION DEL CAMPO DE CIENCIAS FISICAS Y QUIMICAS
8431,MATEMATICAS
8432,ESTADISTICA
8439,PROGRAMAS DE NUEVA CREACION DEL CAMPO DE MATEMATICAS
8441,CIENCIAS DE LA COMPUTACION
8510,"INGENIERIA INDUSTRIAL, MECANICA, ELECTRONICA Y TECNOLOGIA, PROGRAMAS MULTIDISCIPLINARIOS O GENERALES"
8511,INGENIERIA MECANICA Y METALURGIA
8512,ELECTRICIDAD Y GENERACION DE ENERGIA
8513,ELECTRONICA Y AUTOMATIZACION
8514,INGENIERIA QUIMICA
8515,"INGENIERIA DE VEHICULOS DE MOTOR, BARCOS Y AERONAVES"
8516,TECNOLOGIA Y PROTECCION DEL MEDIO AMBIENTE
8517,TECNOLOGIAS DE LA INFORMACION Y LA COMUNICACION
8519,PROGRAMAS DE NUEVA CREACION DEL CAMPO DE INGENIERIA INDUSTRIAL
8520,"MANUFACTURAS Y PROCESOS, PROGRAMAS MULTIDISCIPLINARIOS O GENERALES"
8521,INDUSTRIA DE LA ALIMENTACION
8522,"INDUSTRIA TEXTIL, DEL CALZADO Y PIEL"
8523,"INDUSTRIAS DE MATERIALES DIVERSOS (MADERA, PAPEL, PLASTICO Y VIDRIO)"
8524,MINERIA Y EXTRACION
8529,PROGRAMAS DE NUEVA CREACION DEL CAMPO DE MANUFACTURA Y PROCESOS
8531,ARQUITECTURA Y URBANISMO
8532,CONSTRUCCION E INGENIERIA CIVIL
8539,PROGRAMAS DE NUEVA CREACION DEL CAMPO DE ARQUITECTURA Y URBANISMO
8610,"AGRONOMIA SILVICULTURA Y PESCA, PROGRAMAS MULTIDISCIPLINARIOS O GENERALES"
8611,PRODUCCION Y EXPLOTACION AGRICOLA Y GANADERA
8612,HORTICULTURA
8613,SILVICULTURA
8614,PESCA
8619,PROGRAMAS DE NUEVA CREACION DEL CAMPO DE AGRONOMIA
8621,VETERINARIA
8710,"SALUD, PROGRAMAS MULTIDISCIPLINARIOS O GENERALES"
8711,MEDICINA
8712,ENFERMERIA Y CUIDADOS
8713,ESTOMATOLOGÍA Y ODONTOLOGIA
8714,DIAGNOSTICO MEDICO Y TECNOLOGIA DEL TRATAMIENTO
8715,TERAPIA Y REHABILITACION
8716,FARMACIA
8717,SALUD PUBLICA
8719,PROGRAMAS DE NUEVA CREACION DEL CAMPO DE SALUD
8811,DEPORTES
8821,SERVICIOS DE TRANSPORTE
8831,SEGURIDAD INDUSTRIAL
8841,SEGURIDAD PUBLICA
8842,SERVICIOS MILITARES
8999,CAMPO DE FORMACION ACADEMICA NO ESPECIFICADO
