CVE,DESCRIP
101,"Jefa o jefe, vive sola o solo"
201,Esposa o esposo
202,Concubina o concubino
203,Amasia o amasio
204,"Querida, querido, amante"
301,Hija o hijo
302,Hija adoptiva o hijo adoptivo
303,Hijastra o hijastro
304,Hija o hijo de crianza
401,Madre o padre
402,Madrastra o padrastro
403,Hermana o hermano
404,Media hermana o medio hermano
405,Hermanastra o hermanastro
406,Abuela o abuelo
407,Bisabuela o bisabuelo
408,Tatarabuela o tatarabuelo
409,Nieta o nieto
410,Bisnieta o bisnieto
411,Tataranieta o tataranieto
412,Tía o tío
413,Sobrina o sobrino
414,Prima o primo
415,Suegra o suegro
416,Consuegra o consuegro
417,Nuera o yerno
418,Cuñada o cuñado
419,Concuña o concuño
420,Madrina o padrino
421,Ahijada o ahijado
422,Comadre o compadre
423,Otro familiar
501,Sin parentesco
502,Tutora o tutor
503,Tutelada o tutelado
601,Trabajadora doméstica o trabajador doméstico
611,Esposa(o) del trabajador doméstico
612,Hija o hijo del  trabajador doméstico
613,Madre o padre del trabajador doméstico
614,Nieta o nieto del trabajador doméstico
615,Otro pariente del trabajador doméstico
701,Huésped
711,Esposa del huésped o esposo del huésped
712,Hija o hijo del huésped
713,Madre o padre del huésped
714,Nieta o nieto del huésped
715,Otro pariente del huésped
999,Parentesco no especificado
