CVE,DESCRIP
Blanco,No aplica
1,Reultado definitivo día uno
2,Reultado definitivo día dos
3,Reultado definitivo día tres
4,Reultado definitivo día cuatro
5,Reultado definitivo día cinco
6,Reultado definitivo día séis
7,Reultado definitivo día siete
8,Reultado definitivo día ocho
9,Reultado definitivo día nueve
10,Reultado definitivo día diez
11,Reultado definitivo día once
12,Reultado definitivo día doce
13,Reultado definitivo día trece 
14,Reultado definitivo día catorce 
15,Reultado definitivo día quince 
16,Reultado definitivo día dieciseis 
17,Reultado definitivo día diecisiete 
18,Reultado definitivo día dieciocho 
19,Reultado definitivo día diecinueve 
20,Reultado definitivo día veinte 
21,Reultado definitivo día veintiuno 
22,Reultado definitivo día veintidos 
23,Reultado definitivo día veintitres 
24,Reultado definitivo día veinticatro 
25,Reultado definitivo día veinticinco 
26,Reultado definitivo día veintiseis 
27,Reultado definitivo día veintisiete 
28,Reultado definitivo día veintiocho 
29,Reultado definitivo día veintinueve 
30,Reultado definitivo día treinta 
31,Reultado definitivo día treintaiuno
99,No especificado
