CVE,DESCRIP
0,Trabajadores Domésticos
1,Trabajador Doméstico
2,Trabajadores Domésticos
3,Trabajadores Domésticos
4,Trabajadores Domésticos
5,Trabajadores Domésticos
6,Trabajadores Domésticos
7,Trabajadores Domésticos
8,Trabajadores Domésticos
9,Trabajadores Domésticos
10,Trabajadores Domésticos
11,Trabajadores Domésticos
12,Trabajadores Domésticos
13,Trabajadores Domésticos
14,Trabajadores Domésticos
15,Trabajadores Domésticos
16,Trabajadores Domésticos
17,Trabajadores Domésticos
18,Trabajadores Domésticos
19,Trabajadores Domésticos
20,Trabajadores Domésticos
21,Trabajadores Domésticos
22,Trabajadores Domésticos
23,Trabajadores Domésticos
24,Trabajadores Domésticos
25,Trabajadores Domésticos
26,Trabajadores Domésticos
27,Trabajadores Domésticos
28,Trabajadores Domésticos
29,Trabajadores Domésticos
30,Trabajadores Domésticos
31,Trabajadores Domésticos
32,Trabajadores Domésticos
33,Trabajadores Domésticos
34,Trabajadores Domésticos
35,Trabajadores Domésticos
36,Trabajadores Domésticos
37,Trabajadores Domésticos
38,Trabajadores Domésticos
39,Trabajadores Domésticos
40,Trabajadores Domésticos
41,Trabajadores Domésticos
42,Trabajadores Domésticos
43,Trabajadores Domésticos
44,Trabajadores Domésticos
45,Trabajadores Domésticos
46,Trabajadores Domésticos
47,Trabajadores Domésticos
48,Trabajadores Domésticos
49,Trabajadores Domésticos
50,Trabajadores Domésticos
51,Trabajadores Domésticos
52,Trabajadores Domésticos
53,Trabajadores Domésticos
54,Trabajadores Domésticos
55,Trabajadores Domésticos
56,Trabajadores Domésticos
57,Trabajadores Domésticos
58,Trabajadores Domésticos
59,Trabajadores Domésticos
60,Trabajadores Domésticos
61,Trabajadores Domésticos
62,Trabajadores Domésticos
63,Trabajadores Domésticos
64,Trabajadores Domésticos
65,Trabajadores Domésticos
66,Trabajadores Domésticos
67,Trabajadores Domésticos
68,Trabajadores Domésticos
69,Trabajadores Domésticos
70,Trabajadores Domésticos
71,Trabajadores Domésticos
72,Trabajadores Domésticos
73,Trabajadores Domésticos
74,Trabajadores Domésticos
75,Trabajadores Domésticos
76,Trabajadores Domésticos
77,Trabajadores Domésticos
78,Trabajadores Domésticos
79,Trabajadores Domésticos
80,Trabajadores Domésticos
81,Trabajadores Domésticos
82,Trabajadores Domésticos
83,Trabajadores Domésticos
84,Trabajadores Domésticos
85,Trabajadores Domésticos
86,Trabajadores Domésticos
87,Trabajadores Domésticos
88,Trabajadores Domésticos
89,Trabajadores Domésticos
90,Trabajadores Domésticos
91,Trabajadores Domésticos
92,Trabajadores Domésticos
93,Trabajadores Domésticos
94,Trabajadores Domésticos
95,Trabajadores Domésticos
96,Trabajadores Domésticos
97,Trabajadores Domésticos
98,Trabajadores Domésticos 
99,Trabajadores Domésticos no especificados 
