NOMBRE_CAMPO,LONGITUD,TIPO,NEMÓNICO,CATÁLOGO,RANGO_CLAVES                                                              
Número de la localidad,4,C,loc,loc,"0001-9998"
Número de municipio según entidad,3,C,mun,mun,"001-575"
Estrato nacional y estatal,2,C,est,,"Primer dígito 1-4, Segundo dígito 0-4"
Número del estrato de diseño,4,C,est_d,,"0001-9999"
Ageb,5,C,ageb,,"00000-99999"
Tamaño de localidad,1,C,t_loc,t_loc,"1-4"
Ciudad autorrepresentada,2,C,cd_a,cd_a,"01-52, 81-86"
Entidad,2,C,ent,ent,"01-32"
Control,5,C,con,,"00001-99999"
Unidad primaria de muestreo,7,C,upm,,"0000001-9999999"
Distribución semanal,3,C,d_sem,,"Primer dígito 1-5, Segundo y tercer dígito 01-13"
Número progresivo de la vivienda,4,C,n_pro_viv,,"0001-9999"
Vivienda Seleccionada,2,C,v_sel,v_sel,"00-99"
Numero de entrevista o visita,1,C,n_ent,n_ent,"1-5"
Periodo,3,C,per,,"000-999"
Pregunta 1 ¿Cuántas personas viven normalmente en esta vivienda contando a los niños chiquitos y a los ancianos?,2,C,p1,p1,"00-99"
Pregunta 2 ¿Todas estas personas comparten un mismo gasto para comer?,1,C,p2,p2,"1-2"
Pregunta 3 ¿Cuántos hogares o grupos de personas tienen gastos separados para comer contando el de usted?,2,C,p3,p3,"02-09"
Urbano-Rural,1,C,ur,ur,"1-2"
Factor de expansión,6,C,fac,,"000001-999999"