NOMBRE_CAMPO,LONGITUD,TIPO,NEMÓNICO,CATÁLOGO,RANGO_CLAVES     
Resultado definitivo de la entrevista,2,C,r_def,r_def,"00-15"
Ciudad autorrepresentada,2,C,cd_a,cd_a,"01-52, 81-86"
Entidad,2,C,ent,ent,"01-32"
Control,5,C,con,,"00000-999999"
Unidad primaria de muestreo,7,C,upm,,"0000001-9999999"
Distribución semanal,3,C,d_sem,,"01-13"
Número progresivo de la vivienda,4,C,n_pro_viv,,"0001-9999"
Vivienda Seleccionada,2,C,v_sel,v_sel,"00-99"
Número de hogar,1,C,n_hog,n_hog,"1"
Hogar mudado,1,C,h_mud,h_mud,"0-4"
Número de entrevista o visita,1,C,n_ent,n_ent,"1-5"
Periodo,3,C,per,,"000-999"
Número de renglón,2,C,n_ren,n_ren,"01-30"
Edad,2,C,eda,eda,"12-97,98"
Renglón del Informante,2,C,n_inf,n_inf,"01-30,97,99"
Pregunta 1 Ahora le voy a preguntar por la situación laboral de …¿La semana pasada trabajó por lo menos una hora?,1,C,p1,p1,"1-2"
Pregunta 1a Opción 1: realizar una actividad que le proporcionó ingresos?,1,C,p1a1,p1a1,"1"
Pregunta 1a Opción 2: ayudar en las tierras o en el negocio de un familiar o de otra persona?,1,C,p1a2,p1a2,2
Pregunta 1a Opción 3: no trabajó la semana pasada,1,C,p1a3,p1a3,"3"
"Pregunta 1b Aunque ya me dijo que ... no trabajó la semana pasada, ¿tiene algún empleo, negocio o realiza alguna actividad por su cuenta?",1,C,p1b,p1b,"1-2"
Pregunta 1c ¿Cuál es la razón principal por la que ... no trabajó la semana pasada?,2,C,p1c,p1c,"01-12,99"
Pregunta 1d Durante este periodo de ausencia ¿... recibe sueldo o ganancias?,1,C,p1d,p1d,"1-2,9"
Pregunta 1e ¿En cuánto tiempo regresará ... a este mismo trabajo?,1,C,p1e,p1e,"1-5,9"
Pregunta 2 Opción 1: buscar trabajo en otro país o hacer preparativos para cruzar la frontera?,1,C,p2_1,p2_1,1
Pregunta 2 Opción 2: buscar trabajo aquí en el país,1,C,p2_2,p2_2,2
Pregunta 2 Opción 3: poner un negocio o realizar una actividad por su cuenta sin poder todavía comenzar?,1,C,p2_3,p2_3,3
Pregunta 2 Opción 4: Entonces ¿no ha tratado de buscar trabajo?,1,C,p2_4,p2_4,4
Pregunta 2 Opción 9: No sabe,1,C,p2_9,p2_9,9
Pregunta 2a Día en que comenzó,2,C,p2a_dia,p2a_dia,"01-31,99"
Pregunta 2a Semana en que comenzó,2,C,p2a_sem,p2a_sem,"1-4,9"
Pregunta 2a Mes en que comenzó,2,C,p2a_mes,p2a_mes,"01-12,99"
Pregunta 2a Año en que comenzó,4,C,p2a_anio,,"1950-Año actual,9999"
Pregunta 2b Día de la última vez,2,C,p2b_dia,p2b_dia,"01-31,99"
Pregunta 2b Semana de la última vez,2,C,p2b_sem,p2b_sem,"1-4,9"
Pregunta 2b Mes de la última vez,2,C,p2b_mes,p2b_mes,"01-12,99"
Pregunta 2b Año de la última vez,4,C,p2b_anio,,"1950-Año actual,9999"
Pregunta 2b ¿En qué fecha fue la última vez que ... buscó trabajo (o terminó con los preparativos para poner el negocio)?,2,C,p2b,p2b,"1-4,9"
Pregunta 2c ¿... estaba dispuesto a trabajar la semana pasada?,1,C,p2c,p2c,"1-2,9"
Pregunta 2d Opción 1: acudió directamente al lugar de trabajo,2,C,p2d1,p2d1,"01,blanco" 
Pregunta 2d Opción 2: hizo trámites en una agencia o bolsa de trabajo privada,2,C,p2d2,p2d2,"02,blanco" 
Pregunta 2d Opción 3: hizo trámites en un servicio público de colocación,2,C,p2d3,p2d3,"03,blanco" 
Pregunta 2d Opción 4: hizo trámites en algún programa de empleo temporal del gobierno,2,C,p2d4,p2d4,"04,blanco" 
Pregunta 2d Opción 5: hizo trámites o realizó alguna actividad para iniciar un negocio por su cuenta,2,C,p2d5,p2d5,"05,blanco" 
Pregunta 2d Opción 6: puso o contestó un anuncio en internet,2,C,p2d6,p2d6,"06,blanco" 
"Pregunta 2d Opción 7: puso o contestó un anuncio en algún lugar público o en medios de comunicación (periódico, radio)",2,C,p2d7,p2d7,"07,blanco" 
Pregunta 2d Opción 8: acudió a un sindicato o gremio,2,C,p2d8,p2d8,"08,blanco" 
Pregunta 2d Opción 9: pidió a conocidos o familiares que lo recomendaran o le avisaran de algún trabajo,2,C,p2d9,p2d9,"09,blanco" 
Pregunta 2d Opción 10: solo consultó el anuncio clasificado,2,C,p2d10,p2d10,"10,blanco"
Pregunta 2d Opción 11: otra actividad,2,C,p2d11,p2d11,"04,blanco" 
Pregunta 2d Opción 99: no sabe,2,C,p2d99,p2d99,"99,blanco" 
Pregunta 2e ¿... es,1,C,p2e,p2e,"1-6,9"
"Pregunta 2f Actualmente, ¿... tiene necesidad de trabajar?",2,C,p2f,p2f,"1-3,9"
"Pregunta 2g ¿Hay alguna otra razón, además de ser (menciona lo que contestaron en 2e), por la que ... no esté buscando trabajo?",1,C,p2g1,p2g1,"1-2,9"
Pregunta 2g Opciones de respuesta cuando P2G1=1,2,C,p2g2,p2g2,"01-12"
Pregunta 2h Opción 1: un pago o salario?,1,C,p2h1,p2h1,"1"
Pregunta 2h Opción 2: Por su cuenta?,1,C,p2h2,p2h2,"2"
Pregunta 2h Opción 3: ayudando en el negocio o actividad económica de alguna persona?,1,C,p2h3,p2h3,"3"
Pregunta 2h Opción 4: nunca ha trabajado,1,C,p2h4,p2h4,"4"
Pregunta 2h Opción 9: no sabe,1,C,p2h9,p2h9,"9"
"Pregunta 3 Si…tiene más de un trabajo, hablemos del principal. ¿Cuáles son las tareas o funciones principales que…desempeña en su trabajo?",4,C,p3,p3,"0001-9999"
Pregunta 3a ¿En su trabajo ... tiene un jefe(a) o superior?,1,C,p3a,p3a,"1-2"
"Pregunta 3b Entonces, ¿... se dedica a un negocio o actividad por su cuenta?",1,C,p3b,p3b,"1-2"
"Pregunta 3c Opción 1: a una sola empresa, negocio o intermediario?",1,C,p3c1,p3c1,"1"
"Pregunta 3c Opción 2: a varios negocios, empresas o intermediarios?",1,C,p3c2,p3c2,"2"
Pregunta 3c Opción 3: directamente al público?,1,C,p3c3,p3c3,"3"
Pregunta 3c Opción 4: es autoconsumo agropecuario,1,C,p3c4,p3c4,"4"
Pregunta 3c Opción 9: no sabe,1,C,p3c9,p3c9,"9"
Pregunta 3d ¿... tiene empleados o le ayudan personas en su negocio o actividad?,1,C,p3d,p3d,"1-2,9"
Pregunta 3e ¿... tiene,1,C,p3e,p3e,"1-2"
Pregunta 3f ¿Cuántos puestos o establecimientos (o en su caso vehículos) forman este negocio o empresa?,1,C,p3f1,p3f1,"1-3,9"
"Pregunta 3f ¿Más de uno?, ¿Cuántos?",2,C,p3f2,,"02-98,99"
Pregunta 3g Opción 1: trabajadores que reciben un pago?,1,C,p3g1_1,p3g1_1,"1"
Pregunta 3g Número de trabajadores con pago,3,C,p3g1_2,,"001-998,999"
Pregunta 3g Opción 2: socios?,1,C,p3g2_1,p3g2_1,"2"
Pregunta 3g Número de socios,3,C,p3g2_2,,"001-998,999"
Pregunta 3g Opción 3: trabajadores sin pago?,1,C,p3g3_1,p3g3_1,"3"
Pregunta 3g Número de trabajadores sin pago,3,C,p3g3_2,,"001-998,999"
Pregunta 3g Opción 4: no sabe qué tipo de trabajadores son,1,C,p3g4_1,p3g4_1,"4"
Pregunta 3g Número de trabajadores sin tipo,3,C,p3g4_2,,"001-998,999"
Pregunta 3g Opción 9: no sabe,1,C,p3g9,p3g9,"9"
Pregunta 3g total Sumatoria de número de trabajadores,4,C,p3g_tot,,"001-998,999"
Pregunta 3h ¿En este trabajo ...,1,C,p3h,p3h,"1-3,9"
Pregunta 3i ¿En este empleo ... Pertenece a algún sindicato?,1,C,p3i,p3i,"1-2,9"
Pregunta 3j ¿En este empleo ... cuenta con un contrato por escrito?,1,C,p3j,p3j,"1-2,9"
Pregunta 3k ¿El contrato de … es,1,C,p3k1,p3k1,"1-2,9"
Pregunta 3k Desglose de contrato temporal,1,C,p3k2,p3k2,"1-4"
Pregunta 3l Opción 1: aguinaldo?,1,C,p3l1,p3l1,"1,blanco"
Pregunta 3l Opción 2: vacaciones con goce de sueldo?,1,C,p3l2,p3l2,"2,blanco"
Pregunta 3l Opción 3: reparto de utilidades?,1,C,p3l3,p3l3,"3,blanco"
Pregunta 3l Opción 4: ninguna de las anteriores,1,C,p3l4,p3l4,"4,blanco"
Pregunta 3l Opción 5: no le dan nada,1,C,p3l5,p3l5,"5,blanco"
Pregunta 3l Opción 9: no sabe,1,C,p3l9,p3l9,"9,blanco"
"Pregunta 3m Opción 1: crédito para vivienda (Infonavit, Fovissste)?",1,C,p3m1,p3m1,"1,blanco"
Pregunta 3m Opción 2: guardería?,1,C,p3m2,p3m2,"2,blanco"
Pregunta 3m Opción 3: tiempo para cuidados maternos o paternos?,1,C,p3m3,p3m3,"3,blanco"
Pregunta 3m Opción 4: fondo de retiro (SAR o Afore)?,1,C,p3m4,p3m4,"4,blanco"
Pregunta 3m Opción 5: seguro de vida?,1,C,p3m5,p3m5,"5,blanco"
Pregunta 3m Opción 6 seguro privado para gastos médicos?,1,C,p3m6,p3m6,"6,blanco"
Pregunta 3m Opción 7: préstamos personales y/o caja de ahorro?,1,C,p3m7,p3m7,"7,blanco"
Pregunta 3m Opción 8: ninguna de las anteriores,1,C,p3m8,p3m8,"8,blanco"
Pregunta 3m Opción 9: no sabe,1,C,p3m9,p3m9,"9,blanco"
Pregunta 3n ¿Cómo se enteró ... de este empleo?,2,C,p3n,p3n,"01-10,99"
"Pregunta 3o Para conseguir o conservar este trabajo, ¿ ... se vio obligado a cambiar de ciudad o localidad?",1,C,p3o,p3o,"1-2"
"Pregunta 3p Antes de este cambio, ¿en qué estado de la República o país vivía ...?",1,C,p3p1,p3p1,"1-3,9"
Pregunta 3p Clave asignada a la descripción del lugar de residencia,3,C,p3p2,p3p2
"Pregunta 3q ¿Aproximadamente cuántas personas, incluyendo al dueño, laboran donde trabaja ...?",2,C,p3q,p3q,"01-11,99"
Pregunta 3r ¿En qué año … ,4,C,p3r_anio,,"1900-2017,9999"
Pregunta 3r,2,C,p3r_mes,p3r_mes,"01-12,99"
Pregunta 3r,4,C,p3r,p3r,"1-3,9"
Pregunta 3s ¿Desde entonces … ,1,C,p3s,p3s,"1-2,9"
Pregunta 3t ¿En qué año … ,4,C,p3t_anio,,"1900-2017,9999"
Pregunta 3t,2,C,p3t_mes,p3t_mes,"01-12,99"
"Pregunta 4 ¿Cuál es el nombre de la empresa, negocio o institución para la que ... trabaja o ayuda?",1,C,p4,p4,"1-4,9"
Pregunta 4 Campo exclusivo del sistema,1,C,p4_1,,"1-2"
Pregunta 4 Campo exclusivo del sistema,1,C,p4_2,,"1-9"
Pregunta 4 Campo exclusivo del sistema,1,C,p4_3,,"1-2"
"Pregunta 4a ¿A qué se dedica esta empresa, negocio o institución?",4,C,p4a,p4a,"0000-9999"
Pregunta 4a Campo exclusivo del sistema,1,C,p4a_1,,"1-3"
Pregunta 4b SÓLO PARA EL ENTREVISTADOR,1,C,p4b,p4b,"1-5" 
"Pregunta 4c Entonces, ¿estamos hablando de que este negocio es … ",1,C,p4c,p4c,"1-3"
"Pregunta 4d Entonces, ¿ … trabaja para",1,C,p4d1,p4d1,"1-2,9"
Pregunta 4d Opciones de respuesta cuando,1,C,p4d2,p4d2,"P4D1=1: 1-7,9 y P4D1=2: 1-9"
Pregunta 4d Campo exclusivo del sistema,1,C,p4d3,,"1-3"
Pregunta 4e ¿El negocio o actividad,1,C,p4e,p4e,"1-4,9"
"Pregunta 4f Entonces, ¿en dónde se realizan las actividades de este negocio?",2,C,p4f,p4f,"01-11,99"
Pregunta 4g En este negocio o actividad,1,C,p4g,p4g,"1-4,9"
Pregunta 4h ¿Normalmente en qué lugar trabaja ... ?,1,C,p4h,p4h,"1-5,9"
Pregunta 4i La empresa a la que pertenece ... ¿tiene oficinas o establecimientos,1,C,p4i,p4i,"1-4,9"
Pregunta 4i Campo exclusivo del sistema,1,C,p4i_1,,"1-3,blanco"
Pregunta 5 ¿La jornada de trabajo de ... es,1,C,p5,p5,"1-4,9"
"Pregunta 5a La semana pasada, ¿... tuvo poco trabajo que hacer?",1,C,p5a,p5a,"1-3,9"
Pregunta 5b ¿Le preocupa a ... esta situación?,1,C,p5b,p5b,"1-6,9"
Pregunta 5c Horas lunes,2,C,p5c_hlu,,"00-24,98,99"
Pregunta 5c Minutos lunes,2,C,p5c_mlu,,"00-59"
Pregunta 5c Horas martes,2,C,p5c_hma,,"00-24,98,99"
Pregunta 5c Minutos martes,2,C,p5c_mma,,"00-59"
Pregunta 5c Horas miércoles,2,C,p5c_hmi,,"00-24,98,99"
Pregunta 5c Minutos miércoles,2,C,p5c_mmi,,"00-59"
Pregunta 5c Horas jueves,2,C,p5c_hju,,"00-24,98,99"
Pregunta 5c Minutos jueves,2,C,p5c_mju,,"00-59"
Pregunta 5c Horas viernes,2,C,p5c_hvi,,"00-24,98,99"
Pregunta 5c Minutos viernes,2,C,p5c_mvi,,"00-59"
Pregunta 5c Horas sábado,2,C,p5c_hsa,,"00-24,98,99"
Pregunta 5c Minutos sábado,2,C,p5c_msa,,"00-59"
Pregunta 5c Horas domingo,2,C,p5c_hdo,,"00-24,98,99"
Pregunta 5c Minutos domingo,2,C,p5c_mdo,,"00-59"
Pregunta 5c Total de horas,3,C,p5c_thrs,,"001-998,999"
Pregunta 5c Total de días (campo adicional contenido en la base de datos),1,C,p5c_tdia,,"1-7,9"
Pregunta 5d ¿Ese es el número de horas que habitualmente trabaja ...?,1,C,p5d,p5d,"1-2,9"
Pregunta 5e Horas y minutos o no tiene horario regular de trabajo,1,C,p5e1,p5e1,"1-2"
Pregunta 5e Horas lunes,2,C,p5e_hlu,,"00-24,98,99"
Pregunta 5e Minutos lunes,2,C,p5e_mlu,,"00-59"
Pregunta 5e Horas martes,2,C,p5e_hma,,"00-24,98,99"
Pregunta 5e Minutos martes,2,C,p5e_mma,,"00-59"
Pregunta 5e Horas miércoles,2,C,p5e_hmi,,"00-24,98,99"
Pregunta 5e Minutos miércoles,2,C,p5e_mmi,,"00-59"
Pregunta 5e Horas jueves,2,C,p5e_hju,,"00-24,98,99"
Pregunta 5e Minutos jueves,2,C,p5e_mju,,"00-59"
Pregunta 5e Horas viernes,2,C,p5e_hvi,,"00-24,98,99"
Pregunta 5e Minutos viernes,2,C,p5e_mvi,,"00-59"
Pregunta 5e Horas sábado,2,C,p5e_hsa,,"00-24,98,99"
Pregunta 5e Minutos sábado,2,C,p5e_msa,,"00-59"
Pregunta 5e Horas domingo,2,C,p5e_hdo,,"00-24,98,99"
Pregunta 5e Minutos domingo,2,C,p5e_mdo,,"00-59"
Pregunta 5e Total de horas,3,C,p5e_thrs,,"001-998,999"
Pregunta 5e Total de días (campo adicional contenido en la base de datos),1,C,p5e_tdia,,"1-7,9"
Pregunta 5f ¿Cuál es el motivo principal por el que la semana pasada ... no trabajó las horas habituales?,2,C,p5f,p5f,"01-12,99"
Pregunta 5g Opción 1: enero,2,C,p5g1,p5g1,"01,blanco"
Pregunta 5g Opción 2: febrero,2,C,p5g2,p5g2,"02,blanco"
Pregunta 5g Opción 3: marzo,2,C,p5g3,p5g3,"03,blanco"
Pregunta 5g Opción 4: abril,2,C,p5g4,p5g4,"04,blanco"
Pregunta 5g Opción 5: mayo,2,C,p5g5,p5g5,"05,blanco"
Pregunta 5g Opción 6: junio,2,C,p5g6,p5g6,"06,blanco"
Pregunta 5g Opción 7: julio,2,C,p5g7,p5g7,"07,blanco"
Pregunta 5g Opción 8: agosto,2,C,p5g8,p5g8,"08,blanco"
Pregunta 5g Opción 9: septiembre,2,C,p5g9,p5g9,"09,blanco"
Pregunta 5g Opción 10: octubre,2,C,p5g10,p5g10,"10,blanco"
Pregunta 5g Opción 11: noviembre,2,C,p5g11,p5g11,"11,blanco"
Pregunta 5g Opción 12: diciembre,2,C,p5g12,p5g12,"12,blanco"
Pregunta 5g Opción 13: Varían los meses en que trabaja,2,C,p5g13,p5g13,"13,blanco"
Pregunta 5g Opción 14: Trabaja todos los meses del año,2,C,p5g14,p5g14,"14,blanco"
Pregunta 5g Opción 15: Tiene menos de un año en este trabajo,2,C,p5g15,p5g15,"15,blanco"
Pregunta 5g Opción 99: no sabe,2,C,p5g99,p5g99,"99,blanco"
Pregunta 5h ¿Cuál es el motivo principal por el que ... no trabaja todos los meses del año?,1,C,p5h,p5h,"1-6,9"
Urbano-Rural,1,C,ur,ur,"1-2"
Factor de expansión,6,C,fac,,"000001-999999"